{
  "hash": "4208c389",
  "configHash": "474a6e65",
  "lockfileHash": "603a8e21",
  "browserHash": "0727934b",
  "optimized": {
    "@angular/common": {
      "src": "../../../../../node_modules/@angular/common/fesm2022/common.mjs",
      "file": "@angular_common.js",
      "fileHash": "1ef809f8",
      "needsInterop": false
    },
    "@angular/core": {
      "src": "../../../../../node_modules/@angular/core/fesm2022/core.mjs",
      "file": "@angular_core.js",
      "fileHash": "71f3bdf0",
      "needsInterop": false
    },
    "@angular/platform-browser": {
      "src": "../../../../../node_modules/@angular/platform-browser/fesm2022/platform-browser.mjs",
      "file": "@angular_platform-browser.js",
      "fileHash": "8c8dea42",
      "needsInterop": false
    },
    "@angular/router": {
      "src": "../../../../../node_modules/@angular/router/fesm2022/router.mjs",
      "file": "@angular_router.js",
      "fileHash": "6fde7c07",
      "needsInterop": false
    },
    "rxjs/operators": {
      "src": "../../../../../node_modules/rxjs/dist/esm5/operators/index.js",
      "file": "rxjs_operators.js",
      "fileHash": "47204c1b",
      "needsInterop": false
    },
    "swiper/element/bundle": {
      "src": "../../../../../node_modules/swiper/swiper-element-bundle.mjs",
      "file": "swiper_element_bundle.js",
      "fileHash": "7b3db65b",
      "needsInterop": false
    }
  },
  "chunks": {
    "chunk-ZPKMKHMM": {
      "file": "chunk-ZPKMKHMM.js"
    },
    "chunk-LM4TVXYG": {
      "file": "chunk-LM4TVXYG.js"
    },
    "chunk-RTB4TVQY": {
      "file": "chunk-RTB4TVQY.js"
    },
    "chunk-QCMZFCA5": {
      "file": "chunk-QCMZFCA5.js"
    },
    "chunk-J4B6MK7R": {
      "file": "chunk-J4B6MK7R.js"
    }
  }
}