{
  "hash": "401003fc",
  "configHash": "95b5fa85",
  "lockfileHash": "9bf15a40",
  "browserHash": "1a29cc4b",
  "optimized": {
    "@angular/common": {
      "src": "../../../../../../node_modules/@angular/common/fesm2022/common.mjs",
      "file": "@angular_common.js",
      "fileHash": "3ac39926",
      "needsInterop": false
    },
    "@angular/core": {
      "src": "../../../../../../node_modules/@angular/core/fesm2022/core.mjs",
      "file": "@angular_core.js",
      "fileHash": "1fe34ba9",
      "needsInterop": false
    },
    "@angular/platform-browser": {
      "src": "../../../../../../node_modules/@angular/platform-browser/fesm2022/platform-browser.mjs",
      "file": "@angular_platform-browser.js",
      "fileHash": "36a77db8",
      "needsInterop": false
    },
    "@angular/router": {
      "src": "../../../../../../node_modules/@angular/router/fesm2022/router.mjs",
      "file": "@angular_router.js",
      "fileHash": "34ed2f8e",
      "needsInterop": false
    },
    "ngx-owl-carousel-o": {
      "src": "../../../../../../node_modules/ngx-owl-carousel-o/fesm2022/ngx-owl-carousel-o.mjs",
      "file": "ngx-owl-carousel-o.js",
      "fileHash": "8ae69a86",
      "needsInterop": false
    },
    "ngx-wow": {
      "src": "../../../../../../node_modules/ngx-wow/esm5/ngx-wow.es5.js",
      "file": "ngx-wow.js",
      "fileHash": "d58b3a9e",
      "needsInterop": false
    },
    "parallax-js": {
      "src": "../../../../../../node_modules/parallax-js/dist/parallax.js",
      "file": "parallax-js.js",
      "fileHash": "9d845d4b",
      "needsInterop": true
    }
  },
  "chunks": {
    "chunk-Z4E5C2GQ": {
      "file": "chunk-Z4E5C2GQ.js"
    },
    "chunk-G2O5N3KN": {
      "file": "chunk-G2O5N3KN.js"
    },
    "chunk-QSKCPQZ7": {
      "file": "chunk-QSKCPQZ7.js"
    },
    "chunk-EAKYSASV": {
      "file": "chunk-EAKYSASV.js"
    },
    "chunk-EIB7IA3J": {
      "file": "chunk-EIB7IA3J.js"
    }
  }
}